name,jingzichan_x,zhichu_x,shouru_x,feiyong_x
万科公益基金会,409616414,0.169820619,0.356805426,0.169820619
上海乐三兰馨教育发展基金会,2001179.4,0.998821295,0.999410648,0.998821295
上海交响乐团文化发展基金会,213388002.6,0.070708466,0.216699891,0.070708466
上海交通大学教育发展基金会,2473122842,0.168963573,0.339458205,0.168963573
上海仁德基金会,19465069.3,0.433302609,0.580440159,0.433302609
上海医学创新发展基金会,11568857.36,3.48456374,3.736303975,3.543034057
上海华信公益基金会,98996904.14,0.505924165,0.744074129,0.505924165
上海叔同深渊科学技术发展基金会,4714695.76,0.200213892,0.781568786,0.205774313
上海唐君远教育基金会,572754013.7,0.104479827,0.12993351,0.104479827
上海夏征农民族文化教育发展基金会,8772276.26,1.884200371,1.834374027,1.884200371
上海大学教育发展基金会,12910920.92,0.083375532,0.741567007,0.083377894
上海宋庆龄基金会,1627029244,0.080501287,0.127833071,0.080501287
上海工商界爱国建设特种基金会,614412220.5,0.036393522,0.052934407,0.036393522
上海市儿童基金会,89590136.89,0.230512659,0.429335742,0.230512659
上海市华侨事业发展基金会,35176361.85,1.23546716,1.552701651,1.258017279
上海市拥军优属基金会,2114934141,0.071215723,0.16570953,0.071215723
上海市防癌抗癌事业发展基金会,26410498.3,0.065988463,0.073489356,0.055474257
上海市青少年发展基金会,413938405.8,0.148859785,0.475177699,0.148859785
上海思麦公益基金会,6995711.19,0.554092051,0.664758405,0.554411531
上海恩德公益基金会,16053483.91,0.130047229,0.269651628,0.129053643
上海慈慧公益基金会,38699073.22,0.679110699,0.958751335,0.679110712
上海明德公益基金会,5883190.33,0.182633622,0.204526421,0.160920808
上海民建扶帮公益基金会,47355586.05,0.276976107,0.414618364,0.277131939
上海民生艺术基金会,2492138097,0.095587003,0.228806465,0.095586685
上海汤臣慈善基金会,8763732.36,0.146656453,0.325905538,0.147484867
上海海事大学教育发展基金会,19042239.06,0.159979302,0.492112026,0.159979302
上海特殊关爱基金会,38594993.87,0.26885057,0.298904537,0.26885057
上海王正国创伤医学发展基金会,4138008.35,0.676843789,1.193519486,0.676843789
上海瑞华慈善基金会,23975989.09,0.12036826,1.036825225,0.12036826
上海科技大学教育发展基金会,27225169.55,0.030123782,0.662816611,0.030123782
上海联劝公益基金会,74556666.55,1.180103862,1.466294265,1.180103862
上海联和新泰战略研究与发展基金会,385774548.7,0.045624334,0.271655177,0.031936739
上海能近公益基金会,9490732.4,0.211057063,0.316099874,0.211057063
上海至美公益基金会,18941900.9,0.057365705,0.529435586,0.057365705
上海荣昶公益基金会,40081171.09,0.075623027,0.579204646,0.075623027
上海觉群文教基金会,18022768.83,0.216426119,1.216426119,0.216426119
上海诺亚公益基金会,29593189.55,0.16420048,0.660215223,0.16420048
东台市阳光助残基金会,15858105.71,0.643506323,0.658684357,0.643506323
东润公益基金会,46819905.95,0.07782448,0.009902642,0.07782448
东莞市东莞理工学院教育发展基金会,215774772.7,0.058948281,0.088016517,0.059144185
东风公益基金会,170028911.5,0.354254296,0.394017671,0.377816642
中兴通讯公益基金会,150045897.3,0.087242197,0.421026496,0.087242197
中华健康快车基金会,202426460.2,0.476328151,0.60653151,0.454846099
中华国际科学交流基金会,25236565.27,1.151645788,1.198361042,1.151645788
中华少年儿童慈善救助基金会,325770957.4,0.973730265,1.150258473,0.971276429
中华思源工程扶贫基金会,480053186.6,0.938534443,1.04703619,0.935269402
中华环境保护基金会,427454742.6,0.465502223,0.507280413,0.465785378
中华社会救助基金会,184626656,0.958650706,1.414174974,0.943938826
中华社会文化发展基金会,104009199.3,0.605203547,0.794832777,0.605203547
中南大学教育基金会,750538164.2,0.083238714,0.292427007,0.083255381
中南财经政法大学教育发展基金会,62931666.35,0.103035627,0.158397521,0.103035627
中国交响乐发展基金会,17737984.19,0.692430681,0.461219475,0.656540104
中国人寿慈善基金会,396873292.1,0.264185963,0.296172714,0.264185963
中国健康促进基金会,242868043.9,0.989002663,1.254486453,0.988652142
中国儿童少年基金会,1399020932,0.720396631,0.77892141,0.720396631
中国光华科技基金会,2097291119,0.913765547,0.949502668,0.913765547
中国光彩事业基金会,819316533.4,0.526140298,0.59290417,0.526140298
中国关心下一代健康体育基金会,31013738.99,0.605499374,0.572324472,0.605678054
中国农业大学教育基金会,194727369.1,0.231143916,0.46284595,0.231143916
中国初级卫生保健基金会,456707944.6,1.913065392,2.573503354,1.913065392
中国医药卫生事业发展基金会,286028793.8,0.263153449,0.130747959,0.263153449
中国华侨公益基金会,330711087.4,0.637581503,0.733233288,0.637581503
中国华夏文化遗产基金会,78462694.38,0.293227027,0.397799778,0.286393589
中国华文教育基金会,207662655.5,0.657550585,0.651609423,0.658420676
中国发展研究基金会,696287646.2,0.272557641,0.371057479,0.268705515
中国古生物化石保护基金会,45086566.8,0.5049163,0.415688493,0.492422965
中国听力医学发展基金会,38125341.55,0.4416675,0.384294429,0.437345834
中国国际文化交流基金会,148598139.3,0.371201246,0.34207161,0.373098737
中国地质大学（武汉）教育发展基金会,128668580.5,0.103448671,0.117020609,0.103448671
中国妇女发展基金会,1204831636,1.195569784,1.213249527,1.195569784
中国宋庆龄基金会,992528130.5,0.350159879,0.39428938,0.510191867
中国少年儿童文化艺术基金会,52172494.48,0.479361249,0.75857306,0.479389856
中国少数民族文化艺术基金会,30940249.98,1.494911048,1.5265724,1.495116723
中国志愿服务基金会,286459517.1,0.405466879,0.37432952,0.405466879
中国扶贫基金会,2673924005,0.442736409,0.65440969,0.440335938
中国教师发展基金会,132751735.7,0.498655434,0.47363873,0.498655434
中国教育发展基金会,1266919077,3.191012251,2.60782277,3.191012251
中国残疾人福利基金会,2407568458,0.510478329,0.534328862,0.508434943
中国民航科普基金会,171069155.3,0.146263963,0.153789744,0.146263963
中国法律援助基金会,472664294.7,0.839047664,0.613245688,0.835683612
中国海油海洋环境与生态保护公益基金会,1631706279,0.166045521,0.201986588,0.166045521
中国留学人才发展基金会,97522139.48,1.392969521,1.363797368,1.3941838
中国癌症基金会,1927641474,3.249890098,3.542282981,3.249000013
中国社会福利基金会,710490340.7,0.808332292,1.019552888,0.796604724
中国禁毒基金会,326317347.4,0.145590731,0.239942623,0.145590731
中国科学技术大学教育基金会,740301556.4,0.05279702,0.17993762,0.085981656
中国移动慈善基金会,303027283.8,0.379333486,0.373149411,0.379333486
中国红十字基金会,1505831271,0.602942796,0.574340682,0.603160713
中国经济改革研究基金会,121678935.4,0.128111099,0.283069221,0.127982255
中国绿化基金会,631388234.8,0.379466134,0.387455894,0.378781722
中国绿色碳汇基金会,514194047.2,0.604718906,0.566777611,0.604312244
中国老龄事业发展基金会,426193837.7,0.414637505,0.609694654,0.414742432
中国艺术节基金会,11132705.39,1.036455237,1.14327771,1.000066051
中国金融教育发展基金会,212411633.7,0.37029954,0.606763522,0.367287553
中国青少年发展基金会,3158271553,0.405800825,0.576894302,0.404047166
中国马克思主义研究基金会,167596777.1,0.110877836,0.120612722,0.110032914
中天爱心慈善基金会,39935803.71,0.265683337,1.265683337,0.265683337
中央财经大学教育基金会,451964122.4,0.071872571,0.22515313,0.071872571
中远海运慈善基金会,1150652705,0.088157714,0.14921995,0.088157714
云南华商公益基金会,14701490.24,1.017165695,0.997757891,1.016159239
云南君仁博爱基金会,5950344.96,0.14613583,0.415935886,0.144124318
云南大益爱心基金会,278918722.4,0.071496126,0.290327768,0.071496126
云南教育基金会,104747030.3,0.402136471,0.469436013,0.403028143
云南民族文化发展基金会,24994981.6,0.445405409,0.346350026,0.445014145
云南省俊发教育扶贫基金会,10912313.02,1.086731826,1.136981927,1.086645332
云南省关心下一代基金会,21814382.48,0.079305349,0.169095946,0.116880298
云南省妇女儿童发展基金会,33963273.84,0.362093677,0.503121462,0.362093677
云南省扶贫基金会,63580077.31,0.411392021,0.5859401,0.411392021
云南省绿色环境发展基金会,24919730.36,0.7325538,0.782971263,0.736283521
云南省青年创业就业基金会,24845206.68,0.363470515,0.435697658,0.363470515
人保慈善基金会,210508451.1,0.285750624,0.257604582,0.285750624
亿利公益基金会,65952181.06,0.272452474,0.336315238,0.272452474
传媒大学教育基金会,164615246.7,0.167690855,0.378265277,0.167690855
兰州大学教育发展基金会,90705102.66,0.142738537,0.308212033,0.142738537
内蒙古乌拉特后旗盛安爱心济困基金会,6173293.17,0.156963347,0.165560192,0.159934203
内蒙古云曙碧公益事业基金会,68276585,0.290130967,0.373331873,0.29271674
内蒙古光彩事业基金会,7001773.33,-0.000253269,0.999746731,-0.000253269
内蒙古民族青年文化艺术基金会,3184308.85,0.560930231,1.373301808,0.560930231
内蒙古自治区儿童基金会,3641310.86,0.350569462,0.313589651,0.350569462
内蒙古青年创业就业基金会,13719778.84,0.214993934,0.314472949,0.215513038
凉山州关心下一代基金会,27727186.86,0.246052819,0.503790536,0.246052819
凯风公益基金会,157557762,0.205535361,0.440541895,0.205542811
刘天华阿炳中国民族音乐基金会,54702236.33,0.132397221,0.119937332,0.132714223
包头市扶贫基金会,17490441.46,0.265827754,0.392508751,0.265843191
北京万通公益基金会,8198696.31,1.010570159,0.865274332,1.010570159
北京三一公益基金会,10429859.32,0.648274954,0.660777222,0.648274954
北京世纪慈善基金会,29693176.41,0.681484064,0.501878765,0.673850715
北京中国国家博物馆事业发展基金会,50326961.66,0.175694966,0.222203126,0.175694966
北京中国石油大学教育基金会,40309516.11,0.165332697,0.319160858,0.165332697
北京中国青年政治学院教育基金会,8782568.6,0.270517685,0.6308759,0.270517685
北京中央民族大学教育基金会,94427411.97,0.214320881,0.173802769,0.214320881
北京中央音乐学院教育基金会,44155486.56,0.268273613,0.550225803,0.268273613
北京中艺艺术基金会,80630669.17,0.371783149,0.519435665,0.386796378
北京中金公益基金会,12791668.92,0.681184531,0.866754194,0.681184531
北京交通大学教育基金会,648133386.7,0.232337675,0.204239907,0.232337669
北京京东公益基金会,5216432.42,1.872381285,2.488770686,1.872381285
北京京华公益事业基金会,21517700.7,3.085872778,3.182171532,3.085872778
北京京安公益基金会,50131152,0.205815812,0.232947013,0.205815812
北京健康长城公益基金会,7152088.89,0.344909351,0.741742762,0.344909351
北京光华慈善基金会,9625824.65,1.099628447,1.08316368,1.084121956
北京凌盛爱心公益基金会,6033737.06,0.75289259,1.08809329,0.75289259
北京利星行慈善基金会,24849622.36,0.145969605,0.207053495,0.145969605
北京华亚艺术基金会,6702963.75,0.612423137,0.660171103,0.604303977
北京华彬文化基金会,332639988.1,0.163208469,0.734754621,0.163208469
北京协和医学基金会,26655071.16,0.089602305,0.183920414,0.089602305
北京友好传承文化基金会,8955653.15,0.501279426,1.122081181,0.501279426
北京启明星辰慈善公益基金会,5066115.75,1.107626538,1.370832101,1.107626538
北京大学教育基金会,10482683461,0.074268929,0.298343719,0.074398457
北京天使妈妈慈善基金会,22721165.55,2.688558292,1.995022494,2.688558292
北京妇女儿童发展基金会,31090156.4,1.46335066,1.385221704,1.46335066
北京尚善公益基金会,12615248.58,0.435903498,0.640767401,0.435903498
北京工业大学教育基金会,23984208.26,0.121295075,0.228662751,0.121295075
北京工商大学教育基金会,13596226.13,0.272313837,0.232541603,0.272313837
北京市中国人民大学教育基金会,1533858350,0.198614229,0.294778173,0.198614229
北京市仁爱慈善基金会,27037610.72,0.650762701,0.883291704,0.650762701
北京市企业家环保基金会,65810342.64,1.878351538,2.292597557,2.447859327
北京市光明慈善基金会,3969634.15,0.167138488,0.665266672,0.167138488
北京市壹嘉壹慈善基金会,5761546.85,0.089086394,0.444947546,0.089086394
北京市希望公益基金会,23222746.76,0.575502804,0.678878204,0.552034435
北京市戈友公益援助基金会,15221982.3,0.439692808,0.608877994,0.439692808
北京市戏曲艺术发展基金会,256812822.5,0.089282441,0.083574558,0.089282441
北京市搜候中国城市文化基金会,247382367.6,0.153890139,0.555636797,0.149282001
北京市永源公益基金会,23667366.66,1.137508753,1.480159553,1.135525577
北京市美疆助学基金会,167431649.9,0.096902416,0.165557097,0.096902416
北京市西部阳光农村发展基金会,51354539.87,0.86802366,1.001138386,0.856532854
北京市银杏公益基金会,8554203.12,0.130835864,1.130835864,0.130835864
北京市长江科技扶贫基金会,125834974.2,0.43450888,0.28275034,0.432982143
北京市阳光保险爱心基金会,13265157.46,1.608644599,1.733671198,1.608644599
北京市鸿儒金融教育基金会,175942119.1,0.186846672,0.201636282,0.186846672
北京康盟慈善基金会,10987128.5,7.729408689,7.938831403,7.628964427
北京彩虹公益基金会,6994484.39,0.678299055,0.988028207,0.678299055
北京怡海公益基金会,11504435.21,0.276914726,0.338351359,0.276914726
北京感恩公益基金会,8771470.75,2.05030692,1.91045532,2.05030692
北京文化发展基金会,44284533.76,0.599963386,0.513705841,0.590445619
北京新阳光慈善基金会,39565974.45,1.185028491,1.720221841,1.162199871
北京民生文化艺术基金会,47917963.53,5.874201594,5.714827539,5.874201594
北京水源保护基金会,23216083.46,0.786653226,0.762048331,0.785862165
北京永真公益基金会,11138818.69,0.728688964,1.333999976,0.728688964
北京永青农村发展基金会,6022225.88,5.547428321,5.880930848,5.547428321
北京爱它动物保护公益基金会,8315367.33,2.505643947,2.675052271,2.505643947
北京瑞普华老年救助基金会,5448216.24,0.43713164,0.407417296,0.43713164
北京电影学院教育基金会,101808099.1,0.118662548,0.630452921,0.118662548
北京白求恩公益基金会,2001859.95,13.7239,14.7239,13.7239
北京百度公益基金会,65538571.44,0.725481285,0.702233993,0.725481285
北京科技大学教育发展基金会,145744504.1,0.200856762,0.485574917,0.247216504
北京绿化基金会,41430072.61,0.358004992,0.513708203,0.361708968
北京绿色阳光环保公益基金会,4289630.42,0.016998854,0.550758221,0.016998854
北京联想控股公益基金会,9837282.61,2.175265214,2.38484325,2.175265214
北京节能与电力技术开发基金会,25196861.01,0.032286628,0.033928652,0.032286628
北京萤火虫爱心公益基金会,6417350.02,0.054303513,0.406682508,0.054303513
北京语言大学教育基金会,13623037.73,0.190322094,0.778236982,0.190322094
北京达理公益基金会,12818289.16,3.782420131,3.789247444,3.782420131
北京金融街慈善基金会,42140937.08,0.157398878,0.622407356,0.157398878
北京阳光未来艺术教育基金会,9578678.83,0.317860443,1.112550063,0.317860443
北京青少年发展基金会,243871067.2,0.472981682,0.563664994,0.472981682
北京麦田慈善基金会,2.00E+06,0,1,0
北海天宁慈善基金会,5362754.12,0.24793613,0.12671933,0.217374501
华中科技大学教育发展基金会,414877846.3,0.098684344,0.19676826,0.098684344
华民慈善基金会,167484565.5,0.461340746,0.041468901,0.461340746
华润慈善基金会,363709204.5,1.655072258,1.525938301,1.656275062
华阳慈善基金会,181884590.7,1.705440838,1.17322933,1.705440838
南京信息大学教育发展基金会,364544521.2,0.235329131,0.005709123,0.235342876
南京大学教育发展基金会,2632701338,0.115450067,0.183902885,0.115450067
南京工业大学教育发展基金会,253502648.5,0.362801202,0.178053413,0.362808034
南京市中小学幼儿教师奖励基金会,49286433.3,0.092089561,0.201218612,0.092089561
南京新城市慈善基金会,3907868.54,1.28430041,1.440683058,1.284569613
南京金鹰国际慈济基金会,48943809.79,0.092441953,0.040230522,0.092442166
南昌市汇仁教育基金会,27324886.47,0.104401202,0.446659802,0.104067229
南昌市青少年发展基金会,12643693.67,0.515228528,0.612188176,0.515228528
南航“十分”关爱基金会,92188383.8,0.18953966,0.268030346,0.189537458
南通市爱心帮困基金会,48801522.97,0.124545092,0.20965314,0.124545092
南通市老区扶贫基金会,180944231.4,0.056482434,0.118741066,0.105279222
南都公益基金会,310445814.4,0.301284371,0.2863543,0.297496329
厦门中山医院基金会,41966010.07,0.153835337,0.265164882,0.164389554
厦门外国语学校教育基金会,2397816.88,0.182442164,1.182442164,0.182442164
厦门观音寺慈善基金会,5712188.51,0.778163809,0.622572979,0.778163809
友成企业家扶贫基金会,568080580.7,0.222951972,0.251747465,0.222053827
台州市老年事业发展基金会,44382828.82,0.110615825,0.137935734,0.110615825
吉林大学教育基金会,507278592.5,0.126939925,0.553134017,0.127411293
吉林师范大学助学基金会,11581109.51,0.472642053,0.607039868,0.472642053
吉林省体育事业发展基金会,17895924.09,0.069722511,0.12466358,0.069716923
吉林省康乃尔公益基金会,3979414.89,0.58578549,0.957022895,0.58578549
吴作人国际美术基金会,37655076.55,0.20848616,0.22740817,0.193499241
吴江盛虹爱心基金会,6009442.5,0.452639217,0.199821626,0.454528015
吴阶平医学基金会,151408769,1.032541916,1.069271138,1.032541916
周培源基金会,40207695.91,0.086273663,0.174466867,0.086273663
呼伦贝尔市扶贫基金会,12409232.88,0.230066689,0.232004672,0.230066689
哈尔滨市老年基金会,30804452.65,0.212876309,0.278408075,0.212876309
哈尔滨师范大学教育发展基金会,31772132.5,0.081770226,0.116978969,0.081770226
四川喜马拉雅慈善基金会,8914092.74,0.05595919,0.147343109,0.05595919
四川成都蓝光助学基金会,7392956.39,0.697338334,0.438991851,0.697338334
四川桃花源生态保护基金会,220962077.6,0.087195191,0.267494958,0.087211634
四川电子科技大学教育发展基金会,214223808.7,0.312244383,0.4150516,0.312244383
四川省体育基金会,46733586.95,0.386631191,0.197803806,0.386631191
四川省国电大渡河爱心帮扶基金会,69108724.72,0.218833334,0.033748365,0.218833334
四川省志愿服务基金会,76490316.92,0.365316506,0.630396153,0.36535303
四川省索玛慈善基金会,9505312.37,0.85810277,1.481257329,0.85766397
四川省青年创业就业基金会,70528533.82,0.640057195,1.064283874,0.640701457
四川资阳五月阳光教育基金会,14997396.45,0.266932471,0.316322573,0.266932471
增爱公益基金会,351999844.9,0.10341769,0.312018921,0.10341769
大连市妇女儿童发展基金会,23948711.05,0.398243424,0.410488605,0.398243424
天津中国民航大学教育发展基金会,102574562.9,0.096196281,0.239271883,0.096196281
天津市人口福利基金会,16497033.91,0.184292158,0.187869612,0.184292158
天津市妇女儿童发展基金会,52157114.65,0.594930967,1.029516522,0.594930967
天津市宏志教育基金会,13368519.25,0.087952116,0.044789219,0.087952116
天津市滨海社会救助基金会,6812077.12,0.196734913,0.151420325,0.196734913
天津市鹤童老年公益基金会,13351954.5,0.450324726,0.450964622,0.450324726
宁夏回族自治区关心下一代基金会,15023318.03,0.213959207,0.242220222,0.213959207
宁夏回族自治区扶贫基金会,120444333.9,0.245072582,1.069667534,0.25300697
宁夏煤炭职工扶贫济困基金会,26567558.22,0.48591868,0.519206694,0.485653412
宁夏青年创业就业基金会,11241982.48,0.07683836,0.128910991,0.086660834
宁夏麦丽燕基金会,14254584.92,0.328280887,0.328927687,0.328280887
宁波市善园公益基金会,20986925.64,0.038666927,0.085692664,0.038666927
宁波市海曙区公益组织发展基金会,6934080.08,0.72451405,0.871059733,0.705661873
宁波诺丁汉大学教育发展基金会,106714783.8,0.05767541,0.377562217,0.05767541
宁波鄞州银行公益基金会,343382534.3,0.137285487,0.16736762,0.159607929
安利公益基金会,195080464.3,0.947753676,0.710973666,0.939057707
安徽天徽慈善基金会,3931849.1,0.02601346,0.025545456,0.02601346
安徽李恩三慈善基金会,6086152.21,0.289864279,0.299785596,0.289864279
安徽省中小学幼儿教师奖励基金会,25833702.01,0.106238035,0.132422789,0.099347811
安徽省体育事业发展基金会,17694742.36,0.295223129,0.375571751,0.295236127
安徽省儿童少年基金会,19081033.04,0.493777547,0.57438375,0.495585225
安徽省青年创业就业基金会,24741930.01,0.33123849,0.304127511,0.33123849
安徽道德建设基金会,18516348.09,0.222775099,0.534017863,0.222576409
安徽金牛公益基金会,5474021.69,0.417430491,0.434406735,0.417430491
安徽韩再芬黄梅艺术基金会,51232648.14,0.104150274,0.149841941,0.107006655
安徽黄山公益基金会,4480917.72,0.127212064,0.037938657,0.127212064
宝钢教育基金会,197428815.3,0.184205891,0.035624665,-0.000527647
山东省中国海洋大学教育基金会,55427944.82,0.293813809,0.509790081,0.293830254
山东省体育基金会,117469188.5,0.007001261,0.097481336,0.007001261
山东省儿童少年福利基金会,13853515.93,0.118194974,0.128670885,0.118194974
山东省友芳公益基金会,56523632.17,0.059074069,0.540070187,0.059074069
山东省彩虹援助基金会,25269357.72,0.110991602,0.184477982,0.110991602
山东省普觉公益基金会,7305195.27,0.581737717,0.694324222,0.581737717
山东省老龄事业发展基金会,13298024.43,0.354695235,0.335452327,0.354695235
山东省青年创业就业基金会,19322377.01,0.237701507,0.129900647,0.237701507
山东英才学院教育发展基金会,14018080.05,0.816016218,0.971241804,0.816016218
山西省创业就业基金会,37054020.07,0.06393709,0.013557753,0.010861445
山西省妇女儿童发展基金会,36818989.17,0.406764156,0.753485432,0.406888459
巨人慈善基金会,45968529.08,0.102893724,1.102893724,0.102893724
常州宝林慈善基金会,14866890.06,0.059861245,0.264434493,0.059861245
常州工程职业技术学院教育发展基金会,52079535.05,0.112355688,0.047309235,0.112355688
常熟理工学院教育发展基金会,59430124.96,0.618849244,0.421691431,0.709740051
广东省一心公益基金会,41022471.21,0.339614172,0.729091779,0.339614172
广东省东风日产阳光关爱基金会,3314540.01,5.040061677,5.200440688,5.067790628
广东省中山大学教育发展基金会,692757405.9,0.349560527,0.556126693,0.349560314
广东省丹姿慈善基金会,6708234.03,0.520331891,0.892569347,0.520815543
广东省人口基金会,48632302.81,0.604684404,0.622373049,0.604684404
广东省何享健慈善基金会,391807306.2,0.201865862,0.939227673,0.203728946
广东省依依关爱儿童基金会,4012515.33,0.251269687,0.243021118,0.251269687
广东省保利地产和谐文化基金会,9564246.72,0.191329004,0.181652103,0.191329004
广东省利海绿色基金会,335140.85,10.29050774,9.437715874,10.29154751
广东省千禾社区公益基金会,22391724.56,1.484126965,1.77934632,1.484303506
广东省华南农业大学教育发展基金会,96554625.87,0.304215286,0.598210759,0.304215286
广东省华南理工大学教育发展基金会,591712754.8,0.119836913,0.238854273,0.120089259
广东省华商慈善基金会,5934103.66,0.026978081,0.022703961,0.026978081
广东省华美教育慈善基金会,78197906.71,0.096803303,0.008978631,0.065688455
广东省卓越慈善基金会,7668848.94,0.382048395,0.002460082,0.382048395
广东省南方阅读公益基金会,6228031.87,0.304577852,0.649666875,0.304695668
广东省合生珠江教育发展基金会,23833272.29,2.97025409,2.639611385,2.973245107
广东省同心圆慈善基金会,7239205.75,0.111122352,0.632766376,0.128485159
广东省唯品会慈善基金会,12071442.85,2.41134371,2.422149514,2.41134371
广东省妇女儿童基金会,86741491.52,0.582519776,0.503315081,0.584725144
广东省尚东公益基金会,81791.67,101.9833253,102.2931461,101.9833253
广东省山海源慈善基金会,9800606.72,0.910432866,0.897570643,0.910432866
广东省崇善乐慈善基金会,6028133.31,0.671807217,0.668106633,0.671874816
广东省广东外语外贸大学教育发展基金会,79863256.17,0.119080003,0.374230683,0.119245949
广东省广州中医药大学教育发展基金会,62397338.71,0.05119644,0.350694907,0.05119644
广东省广铝公益基金会,4002671.6,0.593110389,1.092770141,0.592448868
广东省广雅教育发展基金会,24237248.32,0.28949558,0.411522819,0.290088436
广东省志愿者事业发展基金会,49181880.12,0.371220532,0.561349012,0.371220532
广东省惠民慈善基金会,4129045.02,0.035454668,0.016699823,0.035551058
广东省慧灵智障人士扶助基金会,7851349.55,1.218532132,1.524916201,1.218532132
广东省执信教育发展基金会,19085489.35,0.113624987,0.244533516,0.113624987
广东省扶贫基金会,875258528.4,1.422475253,1.423611601,1.422475253
广东省教育基金会,157292333.5,0.267718625,0.362656274,0.268730869
广东省方圆公益基金会,17742884.31,0.523164953,0.378249007,0.577974652
广东省明德幸福文化教育基金会,7316140.39,0.470225726,0.834804197,0.502972517
广东省春桃慈善基金会,5467396.52,1.127167824,1.449531347,1.129549042
广东省消防救助基金会,93147236.87,0.07730967,0.191321443,0.07730967
广东省潮商公益基金会,12275254.34,3.929342948,3.436015571,3.929422343
广东省烛光教育发展基金会,4802851.49,0.177810516,0.77395401,0.17796938
广东省环境保护基金会,24480345.02,0.514859394,0.562676589,0.515743104
广东省环球公益基金会,14734019.28,0.102101609,0.062247412,0.102422717
广东省绿景慈善基金会,6066295.59,0.073436998,0.067926924,0.067631241
广东省茂华慈善基金会,18782460.52,0.252232419,0.103722172,0.252289504
广东省谢汉才慈善基金会,6024390.2,0.083478839,0.417184601,0.084526248
广东省豪爵慈善基金会,41357065.18,0.571131363,0.508587829,0.571131363
广东省财新公益基金会,6031590.19,0.423184543,0.648883209,0.420762799
广东省鸿发慈善基金会,2144071.47,2.820049301,3.823196174,2.820049301
广东省麦田教育基金会,26541426.42,1.021715849,1.291283712,1.013162238
广州农商银行太阳公益基金会,106765846.2,0.086494853,0.080610901,0.086494853
广州市南山自然科学学术交流基金会,61442540.27,0.091020313,0.048445752,0.091020313
广州市振兴粤剧基金会,314162592.4,0.051168363,0.034186332,0.055409063
广州市禁毒基金会,121047633.6,0.056062246,0.078578895,0.056062246
广州市羊城志愿服务基金会,10958259.95,1.927776224,1.836796022,1.926301741
广州市职工济难基金会,435111681.7,0.200342122,0.24227348,0.202423445
广州市青少年发展基金会,123452494.5,0.523098573,0.632025098,0.523098651
广西吕贻标爱心基金会,20292585.97,0.123058291,0.624182843,0.116300382
广西国海扶贫助学基金会,9066862.45,0.08134878,0.041870275,0.056402099
广西壮族自治区扶贫基金会,70936202.37,0.116869761,0.098368149,0.116869761
广西壹方慈善基金会,6557954.8,1.373782247,1.381636743,1.373782247
广西妇女儿童发展基金会,21568645.48,1.094812137,1.182623487,1.094812137
广西李宁基金会,15225505.67,0.43616655,0.535314887,0.43616655
广西桂嘉汇青少年儿童救助基金会,21894744.5,0.108777015,0.091346122,0.136272015
广西民族大学教育基金会,10459906.43,2.521654852,2.842883919,12.36766119
广西荣和爱心基金会,12222293.11,0.151763993,0.005324534,0.151780029
延安教科文发展基金会,11042756.54,0.043060952,0.050495786,0.043060952
建德市老龄事业发展基金会,11443826.01,0.153196932,0.195044201,0.153196932
张家港市七里庙村利民基金会,7697204.55,0.394024153,0.027701978,0.260296642
张家港市农联爱心基金会,9010483.35,0.086719746,0.115768256,0.087043055
德阳市关心下一代基金会,15299562.67,0.029595807,0.161109478,0.029582244
思利及人公益基金会,78836405.02,0.253759555,0.363241307,0.253759555
惠州市协和医疗救助基金会,3589624.36,0.049247075,0.160292221,0.049247075
慈济慈善事业基金会,1023629451,0.279639016,0.442952116,0.279639016
成都市老龄事业发展基金会,22573997.43,0.152685526,0.200292427,0.152685526
扬州市翔宇妇女儿童基金会,11497930.6,0.229497271,0.390707943,0.235821192
招商局慈善基金会,170737127.3,0.727904678,0.786690232,0.727904678
攀枝花市关心下一代基金会,13827758.05,0.279348562,0.303867206,0.279348562
新疆妇女儿童发展基金会,88069130.74,0.735126319,0.858973122,0.734499187
新疆生产建设兵团青年创业增收基金会,5538378.33,0.000404451,0.617620922,0.000404451
新疆维吾尔自治区新勇教育基金会,65751902.59,0.057114794,0,0.057114794
无锡灵山慈善基金会,24790471.76,2.805330467,3.762256287,2.805429336
昆山市党员关爱暨帮扶困难群众基金会,333768273.2,0.107359558,0.132418017,0.107359258
晋江市安海中心小学种胜教育基金会,4611122.71,0.00213332,0.568399471,0.00213332
晋江市陈埭民族中学教育基金会,86979906.48,0.104318739,0.196959142,0.012702847
李四光地质科学奖基金会,99479627.7,0.103244201,0.160179944,0.103244201
杭州市余杭区老年基金会,34685759.33,0.066154594,0.076041324,0.066181378
杭州市公羊会公益基金会,1580799.82,1.184615311,2.045181938,1.184615311
杭州市关爱孤儿基金会,7939605.32,0.310493924,0.335686613,0.297330743
杭州市老龄事业发展基金会,43268032.19,0.153936189,0.157436124,0.153936189
杭州市送温暖工程基金会,34386592.39,0.103744926,0.057581624,0.103744926
林则徐基金会,19619442.07,0.1836339,0.210635345,0.191415008
桃源居公益事业发展基金会,313781544.5,0.20257906,0.203946879,0.20257906
桐庐县老龄事业发展基金会,10691926.81,0.08160241,0.088062096,0.08160241
梅州市希望教育基金会,40211671.67,0.325658283,0.370595811,0.332071873
榆林学院教育发展基金会,21226271.5,0.126140293,0.219272176,0.126140293
武汉善之源公益基金会,1785446.35,0.168706251,0.048538176,0.168706251
武汉大学姚梅镇法学基金会,6445626.39,0.011403534,0.701115615,0.011403534
武汉大学马克昌法学基金会,16936263.09,0.124787691,0.403598618,0.125452984
武汉市石门峰慈善基金会,1888781.68,0.021751588,0.004094073,0.021751588
武汉市社会组织发展基金会,10276360.83,0.282433123,0.390267861,0.282433123
武汉理工大学教育发展基金会,65618203.36,0.263240096,0.598759343,0.263240096
武汉科技大学教育发展基金会,2206620.85,0.043593737,0.137230508,0.043593737
比亚迪慈善基金会,67087556.85,0.239652246,0.180915627,0.239830358
永恒慈善基金会,60304849.5,0.06227393,0.062219819,0.062278271
江汉大学教育发展基金会,27004640.32,0.085553574,0.054322976,0.085553574
江苏七彩凤凰母语发展基金会,8696721.75,0.175316667,0.213471243,0.175316667
江苏中大公益基金会,149000521.6,0.048452519,0.045531671,0.076788631
江苏元林慈善基金会,1167848079,0.259843048,0.259922224,0.259843048
江苏华夏慈善基金会,4149901.52,0.092087605,0.023497632,0.091362869
江苏国信企业发展研究基金会,91217063.53,0.048311469,0.053196661,0.048316134
江苏宏大青少年人才发展基金会,22772219.99,0.108670285,0.060516782,0.108670285
江苏宏德文化出版基金会,3155667.23,1.008614698,0.994265146,1.008646387
江苏昌明教育基金会,10080077.69,1.597240019,1.44911118,1.597240315
江苏沙钢公益基金会,41521926.35,0.209689175,0.219488619,0.209688405
江苏海澜教育发展基金会,277630176.8,0.094568108,0.037329846,0.094653097
江苏省儿童少年福利基金会,92469273.87,0.529569434,0.640758584,0.528724691
江苏省关心下一代基金会,105103156.6,0.070781488,0.146660304,0.105324478
江苏省扬州中学教育发展基金会,32691114.22,0.157501692,0.325710451,0.157501692
江苏省扶贫基金会,81493574.89,0.131338359,0.166029248,0.131363631
江苏省美德基金会,121145668.2,0.088003185,0.098741439,0.088003185
江苏省青少年发展基金会,85710387.73,0.477298074,0.748858269,0.477298074
江苏言恭达文化基金会,5260936.44,0.716186695,0.641371687,0.716186695
江苏长江平民教育基金会,26417853.31,0.088374168,0.211990647,0.088374168
江苏陶欣伯助学基金会,2419670297,0.026234206,0.433719877,0.026263482
江西师范大学教育发展基金会,19079263.81,0.407430495,0.818638847,0.40745192
江西省体育发展基金会,6052845.26,1.095787554,1.397766323,1.095787554
江西省革命老区爱心基金会,22323873.47,0.46662698,0.408328535,0.484219701
沈阳市职工爱心慈善基金会,109650938.7,0.255063829,0.301802164,0.255063829
河仁慈善基金会,7352610084,0.078251443,0.07070432,0.078251443
河北省佛教慈善基金会,26392740.95,0.633149927,0.744599551,0.632227881
河北省妇女儿童发展基金会,20135548.18,0.671273972,0.801508494,0.671273972
河北省红十字基金会,43316867.81,0.875679663,0.846944734,0.875679663
河北省青年就业创业基金会,16782968.03,0.514884542,0.535245503,0.514884542
河北石家庄二中教育发展基金会,8645085.41,0.376169717,0.364895563,0.376169717
河南大学教育发展基金会,120403012.5,0.113361021,0.178356805,0.113361021
河南省儿童希望救助基金会,16164243.59,1.531701541,1.643446599,1.531701541
河南省光彩事业基金会,155210574.1,1.592316978,1.355553373,1.59233867
河南省华夏历史文明传承创新基金会,17618159.86,0.063273279,0.073125923,0.063291839
河南省宋庆龄基金会,2268847122,1.466639143,0.213835159,1.466639143
河南省福兴儿童公益基金会,6490214.22,0.33922712,0.411306362,0.374134349
河南足球事业发展基金会,17176587.83,7.492829813,7.496084212,7.492829813
泉州向善救助基金会,4286479.2,0.424969747,0.289973037,0.424969747
泛海公益基金会,600271424.3,0.278036688,0.278259975,0.278036688
泸州市关心下一代基金会,16882531.55,0.295355746,0.375524502,0.295355746
洪泽县爱心助学基金会,645700,0.881369057,1.185535078,0.881369057
济南大学教育发展基金会,10936450.68,0.145914894,0.455949791,0.145914894
浙江中国计量学院教育基金会,10084047.92,0.092166086,0.282207335,0.092167078
浙江千手慈善基金会,8540328.37,0.574290781,0.489407772,0.574290781
浙江千训爱心慈善基金会,30768263.04,1.365068492,1.419477555,1.364878008
浙江大学宁波理工学院教育发展基金会,28289723.18,0.137471254,0.159433483,0.137471254
浙江大学教育基金会,4319142448,0.116450376,0.298808807,0.116450376
浙江天景生公益基金会,19209774.82,0.192437918,0.566992784,0.189155696
浙江敦和慈善基金会,301787243.2,0.702995043,1.177328497,0.702995043
浙江正泰公益基金会,217218071.7,0.221055486,0.188837424,0.221055486
浙江永强慈善基金会,1722176.36,2.538125073,2.717571469,2.538125073
浙江泰隆慈善基金会,3960149.48,0.637977749,0.498292559,0.637977749
浙江湖畔大学创业研究基金会,2009209.46,5.060224313,5.064807937,5.060224313
浙江省人民教育基金会,96678386.99,0.235683887,0.251771195,0.236032331
浙江省体育基金会,39927875.28,0.460064972,0.825183871,0.460064972
浙江省北京师范大学南湖附属学校教育基金会,16146641.94,0.106260731,0.370639237,0.106260731
浙江省发展侨务事业基金会,8950409.46,0.339805389,0.391426492,0.339805389
浙江省娃哈哈慈善基金会,9073534.32,5.928335751,5.724745018,5.928335751
浙江省寅幸慈善基金会,16840885.96,0.231299918,0.041913898,0.231472361
浙江省扶贫基金会,49723947.81,0.508416035,0.755254392,0.508416035
浙江省李书福资助教育基金会,69131642.22,0.10048833,0.536107222,0.10048833
浙江省杭州宋都公益基金会,39169456.86,0.030584543,0.009620884,0.030584543
浙江省网易慈善基金会,30258155.63,0.42881157,0.426397882,0.428856128
浙江省老年事业发展基金会,56124143.2,0.292339009,0.335869648,0.292339009
浙江省阳光教育基金会,39832405.86,0.349331057,0.499780144,0.349957592
浙江省革命老区发展基金会,36927564.58,0.237440243,0.315901865,0.237440243
浙江西子慈善基金会,2612614.62,0.534814331,0,0.534814331
浙江青田之家公益基金会,58959825.94,0.148106679,0.113597755,0.148106679
浙江馥莉慈善基金会,13645398.51,0.618347936,1.615375583,0.618347936
浙江马云公益基金会,105050332.9,0.062542515,1.024461827,0.062542515
海仓慈善基金会,50019514.46,0.083048919,0.082208804,0.083063143
海南成美慈善基金会,101344935,0.383311564,0.4239637,0.385498775
海南改革发展研究基金会,33266279.4,0.198146793,0.157590793,0.206903746
海南省李惠智教育基金会,6151765.77,0.106845378,0.23536607,0.106989883
海南省残疾人基金会,36207419.25,1.314421126,1.873377199,1.314421126
海门文明村爱心基金会,8286799.51,0.137961043,0.218372216,0.162795721
淮阴工学院教育发展基金会,56125169.7,0.491688053,0.243208663,0.115203436
深圳壹基金公益基金会,1233104756,0.452584254,0.693893003,0.451841472
深圳市TCL公益基金会,8562588.32,6.021574904,4.54780217,4.746526542
深圳市博时慈善基金会,9999916.97,1.048833022,0.756052512,1.048833022
深圳市同心慈善基金会,78240758.6,0.475294873,0.966934805,0.475294873
深圳市志愿服务基金会,44838414.8,0.302790382,0.418469701,0.302790382
深圳市朱树豪纪念慈善基金会,663599.44,11.00738788,11.84168403,4.419993483
深圳市欣旺达慈善基金会,4300874.58,0.93914774,1.209056415,0.892500813
深圳市石门坎教育公益基金会,2883160.44,0.104983079,0.411299865,0.104983079
深圳市精锐教育基金会,-22273.71,-92.77483993,-86.36877557,-92.77483993
深圳市红树林湿地保护基金会,17630556.89,0.643661764,0.647111804,0.643661764
深圳市综研软科学发展基金会,86639971.78,0.093705741,0.032931953,0.079744321
深圳市绿色低碳发展基金会,17374928.28,0.531446033,0.395269554,0.42397984
深圳市绿色基金会,43526974.57,0.761132217,0.348771863,0.761132217
深圳市老龄事业发展基金会,14313343.04,0.027582003,0.091548241,0.027551961
深圳市荣超公益基金会,20473247.15,0.024422115,0.048638265,0.02610602
深圳市警察基金会,779423003.2,0.073754154,0.243054266,0.073937256
深圳市郑卫宁慈善基金会,11480420.63,1.450415231,1.786716632,1.466464254
深圳市雅昌艺术基金会,6163434.52,0.147702254,0.193954231,0.146717045
深圳市青少年发展基金会,63778599.69,0.529252579,0.466198149,0.529252579
清华大学教育基金会,12782356407,0.1658834,0.447823648,0.1658834
温州大学教育发展基金会,75619301.71,0.086952388,0.229591318,0.086952388
温州市实验中学教育发展基金会,37188069.96,0.149782498,0.081980047,0.149782498
温州市永乐科技奖励医疗救助基金会,12740789.99,0.21832793,0.223740852,0.218431181
湖北大学教育发展基金会,74031961.34,0.129770193,0.297087532,0.130322339
湖北工业大学教育发展基金会,78450239.51,0.106889717,0.371491995,0.106889717
湖北省体育基金会,10851044.22,0.1218222,0.287614001,0.21810429
湖北省妇女儿童发展基金会,90089380.85,0.099085345,0.205577284,0.099085345
湖北省宜昌一中教育发展基金会,13930578.74,0.18123766,0.182656187,0.18123766
湖北省青年创业就业基金会,13002684.97,0.366533539,0.343275605,0.264698075
湖南弘慧教育发展基金会,77311540.36,0.214317601,0.583401328,0.214316006
湖南省中南林业科技大学教育基金会,13601930.96,0.099207977,0.015599382,0.099311719
湖南省妇女儿童发展基金会,37759770.74,0.298805531,0.386490059,0.298907091
湖南省宁乡一中教育基金会,27693650.87,0.134861215,0.21864489,0.134861215
湖南省扶贫基金会,20733195.42,0.498955351,1.064905769,0.589142712
湖南省文化艺术基金会,140310634.3,1.248613549,1.470283256,1.248667558
湖南省湖湘文化基金会,6106761.67,0.140483295,0.171360768,0.140483295
湖南省老龄事业发展基金会,16041842.48,0.118081012,0.216973364,0.118081636
湖南省长沙理工大学教育基金会,18626530.85,0.07149612,0.210337824,0.075464884
湖南省长郡未来基金会,26429535.65,0.158392328,0.502760776,0.158416014
湖南省青少年发展基金会,181465027,0.939725895,0.926993552,0.93978489
湖南践行国学公益基金会,6616661.56,0.35347716,0.433314708,0.35347716
湖南青年创业就业基金会,50130404.14,0.810437356,0.654283215,0.812781723
湖南飞翔公益基金会,84840620.89,0.166989478,0.549653511,0.166989478
爱佑慈善基金会,709356733.5,0.654715448,0.918231714,0.654715448
爱德基金会,975357781.3,0.273546933,0.375254709,0.273547343
王振滔慈善基金会,62769215.01,0.505209465,0.520871253,0.508520926
甘肃兴华青少年助学基金会,13528068.74,0.159115062,0.186312828,0.159115062
甘肃妇女儿童发展基金会,24486934.31,1.214226132,1.187139658,1.213552304
甘肃省兰州市城关区文化产业发展基金会,6177477.54,0.185698958,0.001992702,0.08823461
盐城市扶贫基金会,10218247.21,0.034552173,0.424338921,0.034578314
石家庄市志愿服务基金会,23014173.11,0.110242754,0.088454392,0.110245361
石河子大学教育基金会,14521404.87,0.300826899,0.549497976,0.300826899
神华公益基金会,1791413908,0.330601927,0.087451351,0.330601927
福州大学教育发展基金会,71024534.61,0.603371043,0.525353283,0.605482989
福州市人口福利基金会,55584235.64,0.183346867,0.194258278,0.183583695
福建农林大学教育发展基金会,53459558.51,0.084922239,0.291380604,0.084922239
福建海西青年创业基金会,13111361.5,1.126420201,0.6951579,1.141140037
福建省人口福利基金会,6460322.88,0.745091335,0.436586057,0.745193149
福建省侨联事业发展基金会,17733203.96,0.158760793,0.169507643,0.158760793
福建省发展体育事业基金会,18916832.46,0.311641274,0.378611039,0.238221303
福建省同心慈善基金会,20763049.28,0.514305284,0.847280453,0.520083722
福建省妇女儿童发展基金会,55669429.52,0.228662419,0.291967311,0.228838988
福建省安发高益槐科技教育发展基金会,3888340.82,0.072859868,0.588959275,0.072859868
福建省扶贫基金会,43692759.44,0.440344251,0.669323092,0.445734087
福建省正荣公益基金会,12871042.86,2.857999332,3.347205847,2.858687544
福建省泉州第五中学教育基金会,67738930.52,0.182179601,0.333044259,0.211123687
福建省潘振东教育基金会,55406908.91,0.098294228,0.00170226,0.098294228
福建省石竹慈善基金会,17834259.16,1.449206242,1.399522697,1.57091732
福建省黄仲咸教育基金会,607045432.7,0.089690647,0.112585147,0.10430689
福建省龙岩扶贫基金会,28394164.81,0.117461183,0.106867493,0.117461183
福建集美大学教育发展基金会,357164476.8,0.082523391,0.103866809,0.08336334
科左后旗扶贫助学基金会,6824173.58,0.188979024,0.204943121,0.188979024
绍兴市柯桥区中厦慈善基金会,887642.84,1.285552498,0.304311586,1.285552498
绵阳市关心下一代基金会,22202887.29,0.050767631,0.442297128,0.050767631
老牛基金会,3283257572,0.173438266,0.509026434,0.173438266
腾讯公益慈善基金会,1408883982,0.316429896,0.681924126,0.316429896
芜湖市爱心助学基金会,39415000.15,0.074313012,0.128479095,0.074039004
苏州公安大病特困救助基金会,32854979.36,0.044392942,0.139411805,0.082564477
苏州和合文化基金会,18287207.26,0.191257425,0.626470794,0.191257425
苏州明德公益基金会,11126133.01,0.283186821,0.366242693,0.283186821
西安科技大学教育基金会,14974779.61,0.080747365,0.285471785,0.080747365
西昌市关心下一代基金会,18245298.14,0.129232884,0.282898309,0.129232884
贵州文化薪火乡村发展基金会,5696602.04,1.491499422,1.246718855,1.512184836
贵州省同心光彩事业基金会,15885475.13,0.649105176,0.634971699,0.649105176
贵州省妇女儿童发展基金会,50291165.57,1.249247591,1.428209105,1.249247591
贵州省春晖行动发展基金会,16395732.53,0.953570708,0.938830793,0.953570708
贵州省贵阳市生态文明基金会,128963017.5,0.060380335,0.090226498,0.060380335
贵州省青年创业就业基金会,15506667.43,0.702466422,0.625728291,0.711412693
资阳市关心下一代基金会,15714966.27,0.313480749,0.424282848,0.313480749
辽宁爱之光防盲基金会,35111806.56,0.389344906,0.369814529,0.426797577
辽宁省妇女儿童基金会,21973524.17,0.189026948,0.259101984,0.189026948
辽宁省辽宁大学教育基金会,19822763.24,0.108825282,0.6462343,0.108825282
辽宁省青年创业基金会,31300966.57,0.143383265,0.169591809,0.143404939
连云港正大天晴爱心基金会,7904900.64,0.096297561,0.40395499,0.096307997
遂宁市关心下一代基金会,23072421.59,0.215930163,0.437345156,0.215891895
郑州市嵩山文明研究基金会,65377785.64,0.051755605,0.482646944,0.051755605
重庆光彩事业基金会,16367740.16,0.719556706,1.158566611,0.753037199
重庆大学教育发展基金会,396875390.9,0.537571404,0.569830408,0.538944791
重庆孤残儿童援助基金会,25702467.07,0.142316534,0.165117119,0.142316534
重庆宣传文化发展基金会,14158639.54,0.329244829,0.31030098,0.329338482
重庆市妇女儿童基金会,20882462.67,0.964888299,1.094603034,0.964888299
重庆市武隆县扶贫基金会,24435314.71,1.338356589,1.766030329,1.338356589
重庆市法律援助基金会,13215064.99,0.289357085,0.3102386,0.289357085
重庆市青年志愿服务基金会,14372821.98,0.138383576,0.210614393,0.137563954
重庆浙商爱心基金会,16066379.02,0.579583995,0.560740535,0.579583995
重庆西南大学教育基金会,130482475.2,0.304544516,0.532935329,0.304544516
长安大学教育基金会,22641656.17,0.285428219,0.339971372,0.285428219
长春工程学院教育基金会,7524240.32,0.200821895,0.253640503,0.200821895
长江大学教育发展基金会,101858249.6,0.093374788,0.268826166,0.097957046
长沙市体育发展基金会,7755228.83,0.566537607,0.507343153,0.566537607
长沙市志愿服务基金会,53048391.16,0.04443242,0.305321656,0.044477662
闽都中小银行教育发展基金会,199105180.8,0.062098086,0.374608902,0.081207761
阿拉善生态基金会,90463595.26,0.106714953,0.40700083,0.114576977
阿里巴巴公益基金会,164809543.5,1.151461421,1.146301075,1.151461421
陕西妇女儿童发展基金会,35718003.09,0.695855695,0.879804239,0.688587948
陕西省红十字基金会,58838029.4,0.766756068,0.543867504,0.768231885
陕西省老龄事业发展基金会,145000277.7,3.542432591,0.174107064,0.062828085
陕西省西安市老龄事业发展基金会,47143230.25,0.184477296,0.247881205,0.185447033
陕西省青年创业就业基金会,4438841.14,0.362637864,0.374532532,0.362637864
陕西纯山教育基金会,10713766.25,0.666562687,0.931031494,0.667158954
雅安市关心下一代基金会,24277733.47,0.237535784,0.336179709,0.237535784
青岛农业大学教育发展基金会,8453779.55,0.280709946,0.37502132,0.280709946
青岛大学教育发展基金会,15190767.15,0.502219083,0.620899615,0.502219083
青岛市天泰公益基金会,217252848.3,0.029107885,0.02794519,0.029107885
青岛市残疾儿童医疗康复基金会,18178810.36,0.077811877,0.159136315,0.077811877
青海妇女儿童发展基金会,29075639.71,0.86174193,0.738221123,0.865759176
青海省玉树州困难职工帮扶基金会,7643469.28,0.442895029,0.138864041,0.307708118
青海省雪域仁济慈善基金会,2119099.86,7.348383809,9.251771821,8.302988798
顶新公益基金会,87040949.97,0.745593332,0.822103633,0.734295194
顺丰公益基金会,53439258.7,0.654086007,1.231126534,0.654086568
首都师范大学教育基金会,54372113.66,0.144153074,0.513075282,0.144153074
香江社会救助基金会,209121503.7,0.148575299,0.598359992,0.149057914
鲁迅文化基金会,90473817.97,0.244721691,0.339845946,0.244721691
黄奕聪慈善基金会,60449963.36,0.228870386,0.221253665,0.228870386
黑龙江大学教育发展基金会,14291573.42,0.347858163,0.270659323,0.347897767
黑龙江省东北林业大学教育发展基金会,16409930.84,0.400467027,0.417823169,0.622612341
黑龙江省体育发展基金会,2002300.01,0.124219647,0.799413041,0.122183488
黑龙江省华侨经济文化基金会,5875102.79,0.53228821,0.90720267,0.53228821
黑龙江省哈尔滨妇女儿童基金会,5396467.53,0.238251888,0.497026267,0.238251888
黑龙江省妇女儿童基金会,16644789.51,0.731764533,0.741869377,0.73200692
黑龙江省青年创业就业基金会,19239554.82,0.238435036,0.335341936,0.238435036
